[
    {
    "caccount":"123",
    "cname":"V.Divya",
    "cphone":"7358698633",
    "cpassword":"divya",
    "ccity":"chittoor",
    "cbalance":"2000"
    },

    {
    "caccount":"124",
        "cname":"P.pravalika",
        "cphone":"7894567899",
        "cpassword":"poorni",
        "ccity":"Chittoor",
        "cbalance":"4000"
        },
        {
            "caccount":"125",
                "cname":"C.Harika",
                "cphone":"7894567800",
                "cpassword":"harika",
                "ccity":"Nellore",
                "cbalance":"4500"
                },
                {
                    "caccount":"126",
                        "cname":"H.Himaja",
                        "cphone":"7894567898",
                        "cpassword":"Hima",
                        "ccity":"Chittoor",
                        "cbalance":"9000"
                        }
    ]