[
    {
    "tid":"18796",
    "taccount_sender":"123",
    "taccount_reciver":"124",
    "tamount":"20000"
    },
    {
        "tid":"18798",
        "taccount_sender":"123",
        "taccount_reciver":"123",
        "tamount":"2000"
        },
    {
        "tid":"18790",
        "taccount_sender":"124",
        "taccount_reciver":"123",
        "tamount":"10000"
    },
    {
        "tid":"18791",
        "taccount_sender":"124",
        "taccount_reciver":"124",
        "tamount":"2000"
        },
    {
        "tid":"18792",
        "taccount_sender":"125",
        "taccount_reciver":"123",
        "tamount":"10000"
    },
    {
        "tid":"18797",
        "taccount_sender":"126",
        "taccount_reciver":"123",
        "tamount":"10000"
    }
]